teamName,teamId,internationalSide
Albania,94d0cac4-4c6f-4e5b-919b-1aac519f071c,1
Algeria,3200,1
All Blacks XV,1832,0
American Samoa,3674,1
Andorra,692,1
Andorra,855382e7-07e9-4c06-bfd6-58fb07af227a,1
Arabian Gulf,693,1
Argentina,40,1
Argentina A,1195,0
Argentina Jaguars,1195,0
Argentina XV,2183,0
Armenia,2376,1
Australia,38,1
Australia,2577,1
Australia A,1142,0
Australia A,4060,0
Austria,696,1
Austria,3381,1
Azerbaijan,2424,1
Bahamas,697,1
Bahrain,0,0
Bangladesh,4757,1
Barbados,698,1
Barbarians,54,1
Barbarians Women,4356,0
BC All Stars,4526,0
Belarus,4000,1
Belgium,699,1
Belgium,2906,1
Benin,2380,1
Bermuda,700,1
Black Ferns Development XV,4538,0
Black Ferns XV ,4538,0
Bosnia & Herzegovina,701,1
Botswana,702,1
Botswana,3677,1
Brazil,703,1
Brazil,3396,1
Brazil Selection,4532,0
British & Irish Lions,55,0
British Army,406,0
British Army,4055,0
British Columbia,1000,0
British Virgin Islands,3235,1
British XV,1488,0
Brown University,4165,0
Brunei,2574,1
Bulgaria,704,1
Bulgaria,98dd132a-7180-42c3-a7bd-fdf4baaf9d4f,1
Burkina Faso,4582,1
Burkina Faso,2389,1
Burundi,2386,1
Cambodia,2575,1
Cameroon,705,1
Cameroon,4583,1
Canada,50,1
Canada,2578,1
Caribbean Selects,3325,0
Cayman Islands,707,1
Cayman Islands,3326,1
Chad,2856,1
Chile,708,1
Chile XV,4563,0
China,709,1
China,3383,1
Chinese Taipei,710,1
Classic All Blacks,3671,0
Colombia,711,1
Colombia,4518,1
Combined Services,1210,0
Congo,3064,1
Cook Islands,712,1
Costa Rica,2585,1
Cote D'Ivoire,681,1
Cote D'Ivoire,4590,1
Cote D'Ivoire,0,0
Croatia,713,1
Croatia,467f73bd-d147-4212-9149-e86964955bf8,1
Curacao,3565,1
Cyprus,2742,1
Czech Republic,714,1
Czech Republic,3397,1
Czechia,714,1
Czechia,3397,1
Czechoslovakia,1211,1
Democratic Republic of Congo,3221,1
Denmark,715,1
Denmark,3384,1
Dominican Republic,4227,1
East Germany,1165,1
Eastern Province,574,0
Ecuador,3999,1
Egypt,3201,1
El Salvador,4002,1
El Salvador,4561,1
Emerging Australians,1244,0
Emerging England,1257,0
Emerging Ireland,3606,0
Emerging Italy,3472,0
Emerging South Africa,639,0
England,34,1
England,2517,1
England A,2971,0
England A,1157,0
England B,1157,0
England Saxons,1157,0
England U23,1199,0
England XV,1204,0
English Students,1254,0
Estonia,3489,1
Eswatini,768,1
Fiji,46,1
Fiji,3385,1
Fiji Warriors,2135,0
Finland,1029,1
Finland,2970,1
France,42,1
France,2519,1
France A,1200,0
France A,3008,0
France B,1201,0
French Barbarians,1721,0
French Military,4011,0
Georgia,720,1
Germany,721,1
Germany,2909,1
Ghana,2382,1
Glasgow Warriors,70,0
Great Britain,3386,0
Greece,2529,1
Guadeloupe,2234,1
Guam,722,1
Guatemala,4001,1
Guatemala,4560,1
Guyana,723,1
Honduras,4420,1
Hong Kong,725,1
Hong Kong,2966,1
Hong Kong A,3672,0
Hong Kong China,2966,1
Hong Kong China,725,1
Hong Kong China,0,0
Hungary,726,1
Impala,2869,0
India,727,1
India,4383,1
Indonesia,2576,1
Iran,2744,1
Ireland,36,1
Ireland,2518,1
Irish Exiles,4054,0
Irish President's XV,1603,0
Israel,729,1
Italy,41,1
Italy,2601,1
Italy A,1132,0
Jamaica,732,1
Jamaica,3327,1
Japan,49,1
Japan,2967,1
Japan,0,0
Jordan,2867,1
Jordan,0,0
Junior All Blacks,1167,0
Junior Springboks,1171,0
Kazakhstan,734,1
Kazakhstan,2579,1
Kazakhstan,0,0
Kenya,735,1
Kenya,2963,1
Kenya A,3049,0
Korea,736,1
Korea,0,0
Kosovo,4771,1
Kyrgyzstan,2860,1
Laos,1784,1
Laos,3484,1
Latvia,737,1
Latvia,4642,1
Lebanon,2984,1
Leinster,1139,0
Lesotho,3699,1
Lithuania,738,1
Luxembourg,739,1
Madagascar,740,1
Madagascar,4491,1
Malawi,4349,1
Malaysia,741,1
Malaysia,2985,1
Malaysia,0,0
Mali,2480,1
Malta,1030,1
Maori All Blacks,53,0
Martinique,2233,1
Mauritania,2388,1
Mauritius,2857,1
Mexico,1247,1
Mexico,4074,1
Moldova,743,1
Monaco,744,1
Mongolia,2952,1
Montenegro,4009,1
Morocco,745,1
Namibia,58,1
Namibia,3676,1
Nauru,4522,1
Nepal,4756,1
Netherlands,64,1
Netherlands,2907,1
New Caledonia,1172,1
New Zealand,37,1
New Zealand,2580,1
New Zealand Army,61,0
New Zealand Barbarians,4566,0
New Zealand Cavaliers,67,0
New Zealand Divisional XV,1259,0
New Zealand Maori,53,0
New Zealand XV,1832,0
Nicaragua,4320,1
Niger,2481,1
Nigeria,1031,1
Niue Island,748,1
Nomads,4584,0
Norway,749,1
Norway,2969,1
Oxford / Cambridge Combined,1170,0
Pacific Islanders,2383,0
Pakistan,2397,1
Panama,4003,1
Papua New Guinea,750,1
Papua New Guinea,4182,1
Paraguay,751,1
Peru,752,1
Philippines,2537,1
Philippines,3485,1
Poland,753,1
Portugal,44,1
Portugal,3398,1
Portugal A,2532,0
Qatar,3224,1
Réunion,2588,1
RFU President's XV,63,0
Romania,52,1
Romania,3390,1
Romania XV,1865,0
Russia,2905,1
Russia,756,1
Rwanda,3391,1
Rwanda,2387,1
SA Gazelles,1169,0
SA President's XV,3605,0
Samoa,45,1
Samoa,2581,1
Scotland,35,1
Scotland,2522,1
Scotland A,1133,0
Senegal,759,1
Senegal,4591,1
Senegal A,3065,0
Serbia,2340,1
Singapore,760,1
Singapore,2968,1
Slovakia,2584,1
Slovenia,761,1
Solomon Islands,762,1
South Africa,39,1
South Africa,2582,1
South Africa A,1150,0
South Africa Amateurs,2533,0
South Africa U23,1248,0
South African Kings,3289,0
South America XV,66,0
South American Jaguars,1160,0
South West Africa,580,0
Southern Kings,2953,0
Spain,43,1
Spain,2521,1
Sri Lanka,766,1
Sri Lanka,0,0
SRU President's XV,77,0
St Lucia,767,1
St Vincent and the Grenadines,2476,1
Sudamerica Rugby XV,4454,0
Swaziland,768,1
Sweden,769,1
Sweden,2908,1
Switzerland,770,1
Switzerland,3491,1
Tahiti,771,1
Tanzania,2385,1
Thailand,772,1
Thailand,3393,1
Togo,1250,1
Tonga,47,1
Tonga,3394,1
Trinidad & Tobago,774,1
Trinidad & Tobago,3324,1
Tunisia,775,1
Tunisia,4589,1
Tunisia,0,0
Turkey,3404,1
Turks and Caicos Islands,3566,1
Uganda,776,1
Uganda,2964,1
Uganda,0,0
Uganda A,3050,0
Ukraine,777,1
United Arab Emirates,3223,1
Uruguay,68,1
Uruguay XV,4384,0
USA,2583,1
USA,51,1
USA Select XV,3185,0
USA South,3236,0
USA U23,0afe6bed-802f-418f-94d5-4e9ae3d8d38b,0
USSR,1168,1
Uzbekistan,2861,1
Uzbekistan,3400,1
Vanuatu,780,1
Venezuela,781,1
Wahine Maori,4717,0
Wales,33,1
Wales,2520,1
Wellington Province,2176,0
West Germany,721,1
West Germany XV,4396,0
Western Force,2587,0
World XV,65,0
World XV,3402,0
Yugoslavia,783,1
Zambia,784,1
Zambia,3401,1
Zimbabwe,57,1
Zimbabwe,3395,1
